Syn_Fam,Acc_Fam,Clade
Abietaceae,Pinaceae,Pinales
Abolbodaceae,Xyridaceae,Poales
Abrophyllaceae,Rousseaceae,Asterales
Acaciaceae,Fabaceae,Fabales
Acalyphaceae,Euphorbiaceae,Malpighiales
Acanthaceae,Acanthaceae,Lamiales
Acanthochlamydaceae,Velloziaceae,Pandanales
Acarnaceae,Asteraceae,Asterales
Aceraceae,Sapindaceae,Sapindales
Achariaceae,Achariaceae,Malpighiales
Achatocarpaceae,Achatocarpaceae,Caryophyllales
Achradaceae,Sapotaceae,Ericales
Achyranthaceae,Amaranthaceae,Caryophyllales
Acmopylaceae,Podocarpaceae,Cupressales
Aconitaceae,Ranunculaceae,Ranunculales
Acoraceae,Acoraceae,Acorales
Acristaceae,Arecaceae,Arecales
Acrostichaceae,Pteridaceae,Polypodiales
Actaeaceae,Ranunculaceae,Ranunculales
Actinidiaceae,Actinidiaceae,Ericales
Actiniopteridaceae,Pteridaceae,Polypodiales
Actinotaceae,Apiaceae,Apiales
Adenogrammaceae,Molluginaceae,Caryophyllales
Adiantaceae,Pteridaceae,Polypodiales
Adoxaceae,Viburnaceae,Dipsacales
Aegialitidaceae,Plumbaginaceae,Caryophyllales
Aegicerataceae,Primulaceae,Ericales
Aegilopaceae,Poaceae,Poales
Aeginetiaceae,Orobanchaceae,Lamiales
Aegiphilaceae,Lamiaceae,Lamiales
Aesculaceae,Sapindaceae,Sapindales
Aextoxicaceae,Aextoxicaceae,Berberidopsidales
Agapanthaceae,Amaryllidaceae,Asparagales
Agavaceae,Asparagaceae,Asparagales
Agdestidaceae,Phytolaccaceae,Caryophyllales
Agialidaceae,Zygophyllaceae,Zygophyllales
Agrimoniaceae,Rosaceae,Rosales
Agrostidaceae,Poaceae,Poales
Ailanthaceae,Simaroubaceae,Sapindales
Aitoniaceae,Meliaceae,Sapindales
Aizoaceae,Aizoaceae,Caryophyllales
Ajugaceae,Lamiaceae,Lamiales
Akaniaceae,Akaniaceae,Brassicales
Alangiaceae,Cornaceae,Cornales
Alchemillaceae,Rosaceae,Rosales
Aldrovandaceae,Droseraceae,Caryophyllales
Alismataceae,Alismataceae,Alismatales
Alliaceae,Amaryllidaceae,Asparagales
Allioniaceae,Nyctaginaceae,Caryophyllales
Allophylaceae,Sapindaceae,Sapindales
Alniphyllaceae,Styracaceae,Ericales
Aloaceae,Asphodelaceae,Asparagales
Alopecuraceae,Poaceae,Poales
Alpiniaceae,Zingiberaceae,Zingiberales
Alseuosmiaceae,Alseuosmiaceae,Asterales
Alsinaceae,Caryophyllaceae,Caryophyllales
Alsodeiaceae,Violaceae,Malpighiales
Alsophilaceae,Cyatheaceae,Cyatheales
Alstroemeriaceae,Alstroemeriaceae,Liliales
Altingiaceae,Altingiaceae,Saxifragales
Alzateaceae,Alzateaceae,Myrtales
Amaranthaceae,Amaranthaceae,Caryophyllales
Amaryllidaceae,Amaryllidaceae,Asparagales
Amborellaceae,Amborellaceae,Amborellales
Ambrosiaceae,Asteraceae,Asterales
Amentotaxaceae,Taxaceae,Cupressales
Ammanniaceae,Lythraceae,Myrtales
Ammiaceae,Apiaceae,Apiales
Amomaceae,Zingiberaceae,Zingiberales
Ampelopsidaceae,Vitaceae,Vitales
Amphorogynaceae,Santalaceae,Santalales
Amygdalaceae,Rosaceae,Rosales
Amyridaceae,Rutaceae,Sapindales
Anacampserotaceae,Anacampserotaceae,Caryophyllales
Anacardiaceae,Anacardiaceae,Sapindales
Anagallidaceae,Primulaceae,Ericales
Anarthriaceae,Restionaceae,Poales
Anchusaceae,Boraginaceae,Boraginales
Ancistrocladaceae,Ancistrocladaceae,Caryophyllales
Andromedaceae,Ericaceae,Ericales
Andropogonaceae,Poaceae,Poales
Androstachyaceae,Picrodendraceae,Malpighiales
Androsynaceae,Tecophilaeaceae,Asparagales
Anemarrhenaceae,Asparagaceae,Asparagales
Anemiaceae,Anemiaceae,Schizaeales
Anemonaceae,Ranunculaceae,Ranunculales
Angelicaceae,Apiaceae,Apiales
Angeloniaceae,Plantaginaceae,Lamiales
Angiopteridaceae,Marattiaceae,Marattiales
Anisophylleaceae,Anisophylleaceae,Cucurbitales
Annonaceae,Annonaceae,Magnoliales
Anomochloaceae,Poaceae,Poales
Anopteraceae,Escalloniaceae,Escalloniales
Anopteridaceae,Pteridaceae,Polypodiales
Anrederaceae,Basellaceae,Caryophyllales
Anthemidaceae,Asteroideae,Asterales
Anthericaceae,Asparagaceae,Asparagales
Anthobolaceae,Opiliaceae,Santalales
Anthoxanthaceae,Poaceae,Poales
Antidesmataceae,Phyllanthaceae,Malpighiales
Antirrhinaceae,Plantaginaceae,Lamiales
Antoniaceae,Loganiaceae,Gentianales
Antrophyaceae,Pteridaceae,Polypodiales
Aparinaceae,Rubiaceae,Gentianales
Aphanopetalaceae,Aphanopetalaceae,Saxifragales
Aphloiaceae,Aphloiaceae,Crossosomatales
Aphyllanthaceae,Asparagaceae,Asparagales
Apiaceae,Apiaceae,Apiales
Apocynaceae,Apocynaceae,Gentianales
Apodanthaceae,Apodanthaceae,Cucurbitales
Aponogetonaceae,Aponogetonaceae,Alismatales
Aporusaceae,Phyllanthaceae,Malpighiales
Aposeridaceae,Asteraceae,Asterales
Apostasiaceae,Orchidaceae,Asparagales
Aptandraceae,Aptandraceae,Santalales
Aquifoliaceae,Aquifoliaceae,Aquifoliales
Aquilariaceae,Thymelaeaceae,Malvales
Aquilegiaceae,Ranunculaceae,Ranunculales
Araceae,Araceae,Alismatales
Arabidaceae,Brassicaceae,Brassicales
Aragoaceae,Plantaginaceae,Lamiales
Araliaceae,Araliaceae,Apiales
Aralidiaceae,Torricelliaceae,Apiales
Araucariaceae,Araucariaceae,Cupressales
Arbutaceae,Ericaceae,Ericales
Arceuthidaceae,Cupressaceae,Cupressales
Arceuthobiaceae,Santalaceae,Santalales
Arctostaphylaceae,Ericaceae,Ericales
Arctotidaceae,Asteraceae,Asterales
Ardisiaceae,Primulaceae,Ericales
Arecaceae,Arecaceae,Arecales
Argophyllaceae,Argophyllaceae,Asterales
Arisaraceae,Araceae,Alismatales
Aristolochiaceae,Aristolochiaceae,Piperales
Aristoteliaceae,Elaeocarpaceae,Oxalidales
Arjonaceae,Schoepfiaceae,Santalales
Armeriaceae,Plumbaginaceae,Caryophyllales
Artemisiaceae,Asteraceae,Asterales
Arthrotaxidaceae,Cupressaceae,Cupressales
Artocarpaceae,Moraceae,Rosales
Arundinaceae,Poaceae,Poales
Arundinellaceae,Poaceae,Poales
Asaraceae,Aristolochiaceae,Piperales
Asclepiadaceae,Apocynaceae,Gentianales
Ascyraceae,Hypericaceae,Malpighiales
Aspalathaceae,Fabaceae,Fabales
Asparagaceae,Asparagaceae,Asparagales
Asperellaceae,Poaceae,Poales
Asperulaceae,Rubiaceae,Gentianales
Asphodelaceae,Asphodelaceae,Asparagales
Aspidiaceae,Dryopteridaceae,Polypodiales-eupolypod_I
Aspidistraceae,Asparagaceae,Asparagales
Aspleniaceae,Aspleniaceae,eupolypod_II
Asteliaceae,Asteliaceae,Asparagales
Asteraceae,Asteraceae,Asterales
Asteranthaceae,Lecythidaceae,Ericales
Asteropeiaceae,Asteropeiaceae,Caryophyllales
Astragalaceae,Fabaceae,Fabales
Astrocarpaceae,Resedaceae,Brassicales
Athanasiaceae,Asteraceae,Asterales
Atherospermataceae,Atherospermataceae,Laurales
Athyriaceae,Athyriaceae,eupolypod_II
Atriplicaceae,Amaranthaceae,Caryophyllales
Atropaceae,Solanaceae,Solanales
Aucubaceae,Garryaceae,Garryales
Aurantiaceae,Rutaceae,Sapindales
Austrobaileyaceae,Austrobaileyaceae,Austrobaileyales
Austrotaxaceae,Taxaceae,Cupressales
Avenaceae,Poaceae,Poales
Averrhoaceae,Oxalidaceae,Oxalidales
Avetraceae,Dioscoreaceae,Dioscoreales
Avicenniaceae,Acanthaceae,Lamiales
Azaleaceae,Ericaceae,Ericales
Azimaceae,Salvadoraceae,Brassicales
Azollaceae,Salviniaceae,Marsileales
Balanitaceae,Zygophyllaceae,Zygophyllales
Baeckeaceae,Myrtaceae,Myrtales
Balanopaceae,Balanopaceae,Malpighiales
Balanophoraceae,Balanophoraceae,Santalales
Balsameaceae,Burseraceae,Sapindales
Balsaminaceae,Balsaminaceae,Ericales
Bambusaceae,Poaceae,Poales
Barbaceniaceae,Velloziaceae,Pandanales
Barbeuiaceae,Barbeuiaceae,Caryophyllales
Barbeyaceae,Barbeyaceae,Rosales
Barclayaceae,Nymphaeaceae,Nymphaeales
Barringtoniaceae,Lecythidaceae,Ericales
Basellaceae,Basellaceae,Caryophyllales
Bataceae,Bataceae,Brassicales
Baueraceae,Cunoniaceae,Oxalidales
Bauhiniaceae,Fabaceae,Fabales
Baxteriaceae,Dasypogonaceae,Arecales
Begoniaceae,Begoniaceae,Cucurbitales
Behniaceae,Asparagaceae,Asparagales
Belangeraceae,Cunoniaceae,Oxalidales
Belloniaceae,Gesneriaceae,Lamiales
Bembiciaceae,Salicaceae,Malpighiales
Berberidaceae,Berberidaceae,Ranunculales
Berberidopsidaceae,Berberidopsidaceae,Berberidopsidales
Berryaceae,Malvaceae,Malvales
Bersamaceae,Francoaceae,Geraniales
Bertyaceae,Euphorbiaceae,Malpighiales
Berzeliaceae,Bruniaceae,Bruniales
Besleriaceae,Gesneriaceae,Lamiales
Betaceae,Amaranthaceae,Caryophyllales
Betulaceae,Betulaceae,Fagales
Biebersteiniaceae,Biebersteiniaceae,Sapindales
Bifariaceae,Santalaceae,Santalales
Bignoniaceae,Bignoniaceae,Lamiales
Bischofiaceae,Phyllanthaceae,Malpighiales
Bixaceae,Bixaceae,Malvales
Blakeaceae,Melastomataceae,Myrtales
Blandfordiaceae,Blandfordiaceae,Asparagales
Blattiaceae,Lythraceae,Myrtales
Blechnaceae,Blechnaceae,eupolypod_II
Blepharocaryaceae,Anacardiaceae,Sapindales
Blitaceae,Amaranthaceae,Caryophyllales
Blyxaceae,Hydrocharitaceae,Alismatales
Boerlagellaceae,Sapotaceae,Ericales
Bogutchanthaceae,Bogutchanthaceae,"fossil""Hamamelidales"""
Bolbitidaceae,Dryopteridaceae,Polypodiales-eupolypod_I
Bolivaraceae,Oleaceae,Lamiales
Bombacaceae,Malvaceae,Malvales
Bonnetiaceae,Bonnetiaceae,Malpighiales
Bontiaceae,Scrophulariaceae,Lamiales
Boopidaceae,Calyceraceae,Asterales
Boraginaceae,Boraginaceae,Boraginales
Borassaceae,Arecaceae,Arecales
Boroniaceae,Rutaceae,Sapindales
Borthwickiaceae,Resedaceae,Brassicales
Boryaceae,Boryaceae,Asparagales
Botrychiaceae,Ophioglossaceae,Ophioglossales
Botryodendraceae,Araliaceae,Apiales
Bougainvilleaceae,Nyctaginaceae,Caryophyllales
Boweniaceae,Zamiaceae,Cycadales
Brassicaceae,Brassicaceae,Brassicales
Brachycaulaceae,Saxifragaceae,Saxifragales
Bracteocarpaceae,Podocarpaceae,Cupressales
Bretschneideraceae,Akaniaceae,Brassicales
Brexiaceae,Celastraceae,Celastrales
Bromaceae,Poaceae,Poales
Bromeliaceae,Bromeliaceae,Poales
Browalliaceae,Solanaceae,Solanales
Brownlowiaceae,Malvaceae,Malvales
Brunelliaceae,Brunelliaceae,Oxalidales
Bruniaceae,Bruniaceae,Bruniales
Brunoniaceae,Goodeniaceae,Asterales
Brunsvigiaceae,Amaryllidaceae,Asparagales
Bryoniaceae,Cucurbitaceae,Cucurbitales
Buchneraceae,Orobanchaceae,Lamiales
Bucidaceae,Combretaceae,Myrtales
Buddlejaceae,Scrophulariaceae,Lamiales
Buglossaceae,Boraginaceae,Boraginales
Bulbocodiaceae,Colchicaceae,Liliales
Bumeliaceae,Sapotaceae,Ericales
Bupleuraceae,Apiaceae,Apiales
Burchardiaceae,Colchicaceae,Liliales
Burmanniaceae,Burmanniaceae,Dioscoreales
Burseraceae,Burseraceae,Sapindales
Butneriaceae,Calycanthaceae,Laurales
Butomaceae,Butomaceae,Alismatales
Buxaceae,Buxaceae,Buxales
Byblidaceae,Byblidaceae,Lamiales
Byttneriaceae,Malvaceae,Malvales
Cabombaceae,Cabombaceae,Nymphaeales
Cacaoaceae,Malvaceae,Malvales
Cactaceae,Cactaceae,Caryophyllales
Caesalpiniaceae,Fabaceae,Fabales
Caladiaceae,Araceae,Alismatales
Calamaceae,Arecaceae,Arecales
Calceolariaceae,Calceolariaceae,Lamiales
Calectasiaceae,Dasypogonaceae,Arecales
Calendulaceae,Asteraceae,Asterales
Callaceae,Araceae,Alismatales
Callicomaceae,Cunoniaceae,Oxalidales
Calligonaceae,Polygonaceae,Caryophyllales
Callitridaceae,Cupressaceae,Cupressales
Callitrichaceae,Plantaginaceae,Lamiales
Calochortaceae,Liliaceae,Liliales
Calophyllaceae,Calophyllaceae,Malpighiales
Calthaceae,Ranunculaceae,Ranunculales
Calycanthaceae,Calycanthaceae,Laurales
Calyceraceae,Calyceraceae,Asterales
Cambogiaceae,Clusiaceae,Malpighiales
Camelliaceae,Theaceae,Ericales
Campanulaceae,Campanulaceae,Asterales
Camptothecaceae,Nyssaceae,Cornales
Campynemataceae,Campynemataceae,Liliales
Canacomyricaceae,Myricaceae,Fagales
Canellaceae,Canellaceae,Canellales
Cannabaceae,Cannabaceae,Rosales
Cannaceae,Cannaceae,Zingiberales
Canopodaceae,Santalaceae,Santalales
Canotiaceae,Celastraceae,Celastrales
Cansjeraceae,Opiliaceae,Santalales
Capparaceae,Capparaceae,Brassicales
Caprariaceae,Scrophulariaceae,Lamiales
Caprifoliaceae,Caprifoliaceae,Dipsacales
Cardiopteridaceae,Cardiopteridaceae,Aquifoliales
Carduaceae,Asteraceae,Asterales
Caricaceae,Caricaceae,Brassicales
Carissaceae,Apocynaceae,Gentianales
Carlemanniaceae,Carlemanniaceae,Lamiales
Carlinaceae,Asteraceae,Asterales
Carpinaceae,Betulaceae,Fagales
Carpodetaceae,Rousseaceae,Asterales
Cartonemataceae,Commelinaceae,Commelinales
Caryocaraceae,Caryocaraceae,Malpighiales
Caryophyllaceae,Caryophyllaceae,Caryophyllales
Cassiaceae,Fabaceae,Fabales
Cassipoureaceae,Rhizophoraceae,Malpighiales
Cassythaceae,Lauraceae,Laurales
Castaneaceae,Fagaceae,Fagales
Castelaceae,Simaroubaceae,Sapindales
Casuarinaceae,Casuarinaceae,Fagales
Catesbaeaceae,Rubiaceae,Gentianales
Cathedraceae,Aptandraceae,Santalales
Caucaulidaceae,Apiaceae,Apiales
Cecropiaceae,Urticaceae,Rosales
Cedraceae,Pinaceae,Pinales
Cedrelaceae,Meliaceae,Sapindales
Celastraceae,Celastraceae,Celastrales
Celosiaceae,Amaranthaceae,Caryophyllales
Celtidaceae,Cannabaceae,Rosales
Centaureaceae,Asteraceae,Asterales
Centrolepidaceae,Restionaceae,Poales
Centroplacaceae,Centroplacaceae,Malpighiales
Cepaceae,Amaryllidaceae,Asparagales
Cephalanthaceae,Rubiaceae,Gentianales
Cephalotaceae,Cephalotaceae,Oxalidales
Cephalotaxaceae,Taxaceae,Cupressales
Cerastiaceae,Caryophyllaceae,Caryophyllales
Ceratoniaceae,Fabaceae,Fabales
Ceratophyllaceae,Ceratophyllaceae,Ceratophyllales
Ceratopteridaceae,Pteridaceae,Polypodiales
Cerberaceae,Apocynaceae,Gentianales
Cercidiphyllaceae,Cercidiphyllaceae,Saxifragales
Cercocarpaceae,Rosaceae,Rosales
Cercodiaceae,Haloragaceae,Saxifragales
Cereaceae,Cactaceae,Caryophyllales
Cerinthaceae,Boraginaceae,Boraginales
Ceroxylaceae,Arecaceae,Arecales
Cervantesiaceae,Santalaceae,Santalales
Cestraceae,Solanaceae,Solanales
Cevalliaceae,Loasaceae,Cornales
Chaeturaceae,Poaceae,Poales
Chailletiaceae,Dichapetalaceae,Malpighiales
Chamaedoraceae,Arecaceae,Arecales
Chamaemoraceae,Rosaceae,Rosales
Chamelauciaceae,Myrtaceae,Myrtales
Chaunochitonaceae,Aptandraceae,Santalales
Cheilanthaceae,Pteridaceae,Polypodiales
Cheilosaceae,Euphorbiaceae,Malpighiales
Cheiropleuriaceae,Dipteridaceae,Gleicheniales
Chelidoniaceae,Papaveraceae,Ranunculales
Chelonaceae,Plantaginaceae,Lamiales
Chenopodiaceae,Amaranthaceae,Caryophyllales
Chimonanthaceae,Calycanthaceae,Laurales
Chingithamnaceae,Celastraceae,Celastrales
Chionographidaceae,Melanthiaceae,Liliales
Chiranthodendraceae,Malvaceae,Malvales
Chironiaceae,Gentianaceae,Gentianales
Chlaenaceae,Sarcolaenaceae,Malvales
Chloanthaceae,Lamiaceae,Lamiales
Chloranthaceae,Chloranthaceae,Chloranthales
Chloridaceae,Poaceae,Poales
Chlorogalaceae,Asparagaceae,Asparagales
Christenseniaceae,Marattiaceae,Marattiales
Chrysobalanaceae,Chrysobalanaceae,Malpighiales
Chrysospleniaceae,Saxifragaceae,Saxifragales
Cibotiaceae,Cibotiaceae,Cyatheales
Ciceraceae,Fabaceae,Fabales
Cichoriaceae,Asteraceae,Asterales
Cimicifugaceae,Ranunculaceae,Ranunculales
Cinchoniaceae,Rubiaceae,Gentianales
Circaeaceae,Onagraceae,Myrtales
Circaeasteraceae,Circaeasteraceae,Ranunculales
Cissaceae,Vitaceae,Vitales
Cistaceae,Cistaceae,Malvales
Citraceae,Rutaceae,Sapindales
Clematidaceae,Ranunculaceae,Ranunculales
Cleomaceae,Cleomaceae,Brassicales
Clethraceae,Clethraceae,Ericales
Clusiaceae,Clusiaceae,Malpighiales
Cneoraceae,Rutaceae,Sapindales
Cnestidaceae,Connaraceae,Oxalidales
Cnicaceae,Asteraceae,Asterales
Cobaeaceae,Polemoniaceae,Ericales
Cochlospermaceae,Bixaceae,Malvales
Codonaceae,Codonaceae,Boraginales
Cocosaceae,Arecaceae,Arecales
Coeleanthaceae,Poaceae,Poales
Coffeaceae,Rubiaceae,Gentianales
Colchicaceae,Colchicaceae,Liliales
Coldeniaceae,Cordiaceae,Boraginales
Coleogynaceae,Rosaceae,Rosales
Colocasiaceae,Araceae,Alismatales
Columelliaceae,Columelliaceae,Bruniales
Comandraceae,Santalaceae,Santalales
Combretaceae,Combretaceae,Myrtales
Commelinaceae,Commelinaceae,Commelinales
Comocladiaceae,Anacardiaceae,Sapindales
Compositae,Compositae,Asterales
Compsoaceae,Calochortoideae,Liliales
Conantheraceae,Tecophilaeaceae,Asparagales
Connaraceae,Connaraceae,Oxalidales
Conostylidaceae,Haemodoraceae,Commelinales
Convallariaceae,Asparagaceae,Asparagales
Convolvulaceae,Convolvulaceae,Solanales
Corbichoniaceae,Lophiocarpaceae,Caryophyllales
Cordiaceae,Cordiaceae,Boraginales
Coreopsidaceae,Asteraceae,Asterales
Coriandraceae,Apiaceae,Apiales
Coriariaceae,Coriariaceae,Cucurbitales
Coridaceae,Primulaceae,Ericales
Corispermaceae,Amaranthaceae,Caryophyllales
Cornaceae,Cornaceae,Cornales
Corokiaceae,Argophyllaceae,Asterales
Coronillaceae,Fabaceae,Fabales
Correaceae,Rutaceae,Sapindales
Corrigiolaceae,Caryophyllaceae,Caryophyllales
Corsiaceae,Corsiaceae,Liliales
Corydalaceae,Papaveraceae,Ranunculales
Corylaceae,Betulaceae,Fagales
Corynocarpaceae,Corynocarpaceae,Cucurbitales
Coryphaceae,Arecaceae,Arecales
Costaceae,Costaceae,Zingiberales
Cotyledonaceae,Crassulaceae,Saxifragales
Coulaceae,Coulaceae,Santalales
Coutariaceae,Rubiaceae,Gentianales
Coutoubeaceae,Gentianaceae,Gentianales
Crassulaceae,Crassulaceae,Saxifragales
Crescentiaceae,Bignoniaceae,Lamiales
Cressaceae,Convolvulaceae,Solanales
Crinaceae,Amaryllidaceae,Asparagales
Crocaceae,Iridaceae,Asparagales
Croomiaceae,Stemonaceae,Pandanales
Crossosomataceae,Crossosomataceae,Crossosomatales
Crotonaceae,Euphorbiaceae,Malpighiales
Cruciferae,Cruciferae,Brassicales
Cryptaceae,Elatinaceae,Malpighiales
Crypteroniaceae,Crypteroniaceae,Myrtales
Cryptocorynaceae,Araceae,Alismatales
Cryptogammaceae,Pteridaceae,Polypodiales
Cryptomeriaceae,Cupressaceae,Cupressales
Ctenolophonaceae,Ctenolophonaceae,Malpighiales
Cucurbitaceae,Cucurbitaceae,Cucurbitales
Culcitaceae,Culcitaceae,Cyatheales
Cunninghamiaceae,Cupressaceae,Cupressales
Cunoniaceae,Cunoniaceae,Oxalidales
Cupressaceae,Cupressaceae,Cupressales
Curcumaceae,Zingiberaceae,Zingiberales
Curtisiaceae,Curtisiaceae,Cornales
Cuscutaceae,Convolvulaceae,Solanales
Cyananthaceae,Campanulaceae,Asterales
Cyanastraceae,Tecophilaeaceae,Asparagales
Cynanchaceae,Apocynaceae,Gentianales
Cyanellaceae,Tecophilaeaceae,Asparagales
Cyatheaceae,Cyatheaceae,Cyatheales
Cycadaceae,Cycadaceae,Cycadales
Cyclanthaceae,Cyclanthaceae,Pandanales
Cyclantheraceae,Cucurbitaceae,Cucurbitales
Cyclocheilaceae,Orobanchaceae,Lamiales
Cydoniaceae,Rosaceae,Rosales
Cymodoceaceae,Cymodoceaceae,Alismatales
Cynaraceae,Asteraceae,Asterales
Cynocrambaceae,Rubiaceae,Gentianales
Cynodontaceae,Poaceae,Poales
Cynoglossaceae,Boraginaceae,Boraginales
Cynomoriaceae,Cynomoriaceae,Saxifragales
Cynosuraceae,Poaceae,Poales
Cyperaceae,Cyperaceae,Poales
Cyphiaceae,Campanulaceae,Asterales
Cyphocarpaceae,Campanulaceae,Asterales
Cypripediaceae,Orchidaceae,Asparagales
Cyrillaceae,Cyrillaceae,Ericales
Cyrtandraceae,Gesneriaceae,Lamiales
Cyrtanthaceae,Amaryllidaceae,Asparagales
Cystodiaceae,Cystodiaceae,Polypodiales
Cystopteridaceae,Cystopteridaceae,Polypodiales-eupolypod_II
Cytinaceae,Cytinaceae,Malvales
Dacrycarpaceae,Podocarpaceae,Cupressales
Dactylanthaceae,Balanophoraceae,Santalales
Dalbergiaceae,Fabaceae,Fabales
Daleaceae,Fabaceae,Fabales
Damasoniaceae,Alismataceae,Alismatales
Danaeaceae,Marattiaceae,Marattiales
Daphnaceae,Thymelaeaceae,Malvales
Daphniphyllaceae,Daphniphyllaceae,Saxifragales
Dasypogonaceae,Dasypogonaceae,Arecales
Datiscaceae,Datiscaceae,Cucurbitales
Daturaceae,Solanaceae,Solanales
Daucaceae,Apiaceae,Apiales
Davalliaceae,Davalliaceae,Polypodiales-eupolypod_I
Davidiaceae,Nyssaceae,Cornales
Davidsoniaceae,Cunoniaceae,Oxalidales
Decaisneaceae,Lardizabalaceae,Ranunculales
Deeringiaceae,Amaranthaceae,Caryophyllales
Degeneriaceae,Degeneriaceae,Magnoliales
Delimaceae,Dilleniaceae,Dilleniales
Delphiniaceae,Ranunculaceae,Ranunculales
Dendrophthoaceae,Loranthaceae,Santalales
Dennstaedtiaceae,Dennstaedtiaceae,Polypodiales
Desfontainiaceae,Columelliaceae,Bruniales
Detariaceae,Fabaceae,Fabales
Dialypetalanthaceae,Rubiaceae,Gentianales
Dianellaceae,Asphodelaceae,Asparagales
Dianthaceae,Caryophyllaceae,Caryophyllales
Diapensiaceae,Diapensiaceae,Ericales
Dichapetalaceae,Dichapetalaceae,Malpighiales
Dichondraceae,Convolvulaceae,Solanales
Dicksoniaceae,Dicksoniaceae,Cyatheales
Diclidantheraceae,Polygalaceae,Fabales
Dicrastylidiaceae,Lamiaceae,Lamiales
Dictamnaceae,Rutaceae,Sapindales
Didiereaceae,Didiereaceae,Caryophyllales
Didymelaceae,Buxaceae,Buxales
Didymocarpaceae,Gesneriaceae,Lamiales
Diegodendraceae,Bixaceae,Malvales
Diervillaceae,Caprifoliaceae,Dipsacales
Digitalidaceae,Plantaginaceae,Lamiales
Dilatridaceae,Haemodoraceae,Commelinales
Dilleniaceae,Dilleniaceae,Dilleniales
Dioaceae,Zamiaceae,Cycadales
Dionaeaceae,Droseraceae,Caryophyllales
Dioncophyllaceae,Dioncophyllaceae,Caryophyllales
Dioscoreaceae,Dioscoreaceae,Dioscoreales
Diosmaceae,Rutaceae,Sapindales
Diospyraceae,Ebenaceae,Ericales
Dipentodontaceae,Dipentodontaceae,Huerteales
Diphylleiaceae,Berberidaceae,Ranunculales
Diplaziopsidaceae,Diplaziopsidaceae,eupolypod_II
Diplolaenaceae,Rutaceae,Sapindales
Dipsacaceae,Caprifoliaceae,Dipsacales
Dipteridaceae,Dipteridaceae,Gleicheniales
Dipterocarpaceae,Dipterocarpaceae,Malvales
Dirachmaceae,Dirachmaceae,Rosales
Disanthaceae,Hamamelidaceae,Saxifragales
Diselmaceae,Cupressaceae,Cupressales
Dodonaeaceae,Sapindaceae,Sapindales
Dombeyaceae,Malvaceae,Malvales
Donatiaceae,Stylidiaceae,Asterales
Dorsteniaceae,Moraceae,Rosales
Dortmannaceae,Campanulaceae,Asterales
Doryanthaceae,Doryanthaceae,Asparagales
Drabaceae,Brassicaceae,Brassicales
Dracaenaceae,Asparagaceae,Asparagales
Dracontiaceae,Araceae,Alismatales
Drimyidaceae,Winteraceae,Canellales
Droseraceae,Droseraceae,Caryophyllales
Drosophyllaceae,Drosophyllaceae,Caryophyllales
Dryadaceae,Rosaceae,Rosales
Drynariaceae,Polypodiaceae,Polypodiales-eupolypod_I
Dryopteridaceae,Dryopteridaceae,Polypodiales-eupolypod_I
Duabangaceae,Lythraceae,Myrtales
Duckeodendraceae,Solanaceae,Solanales
Dulongiaceae,Phyllonomaceae,Aquifoliales
Durantaceae,Verbenaceae,Lamiales
Durionaceae,Malvaceae,Malvales
Dysphaniaceae,Amaranthaceae,Caryophyllales
Ebenaceae,Ebenaceae,Ericales
Eccremidaceae,Asphodelaceae,Asparagales
Ecdeiocoleaceae,Ecdeiocoleaceae,Poales
Echiaceae,Boraginaceae,Boraginales
Echinariaceae,Poaceae,Poales
Echinopaceae,Asteraceae,Asterales
Ehretiaceae,Ehretiaceae,Boraginales
Ehrhartaceae,Poaceae,Poales
Elaeagnaceae,Elaeagnaceae,Rosales
Elaeocarpaceae,Elaeocarpaceae,Oxalidales
Elaphoglossaceae,Dryopteridaceae,Polypodiales-eupolypod_I
Elegiaceae,Restionaceae,Poales
Elatinaceae,Elatinaceae,Malpighiales
Ellisiaceae,Hydrophyllaceae,Boraginales
Ellisiophyllaceae,Plantaginaceae,Lamiales
Elodeaceae,Hydrocharitaceae,Alismatales
Elytranthaceae,Loranthaceae,Santalales
Embeliaceae,Primulaceae,Ericales
Emblingiaceae,Emblingiaceae,Brassicales
Emmotaceae,Metteniusaceae,Metteniusales
Empetraceae,Ericaceae,Ericales
Encephalartaceae,Zamiaceae,Cycadales
Engelhardtiaceae,Juglandaceae,Fagales
Enhalaceae,Hydrocharitaceae,Alismatales
Epacridaceae,Ericaceae,Ericales
Ephedraceae,Ephedraceae,Gnetales
Ephemeranthaceae,Commelinaceae,Commelinales
Epilobiaceae,Onagraceae,Myrtales
Epimediaceae,Berberidaceae,Ranunculales
Equisetaceae,Equisetaceae,Equisetales
Eragrostidaceae,Poaceae,Poales
Eremolepidaceae,Santalaceae,Santalales
Eremosynaceae,Escalloniaceae,Escalloniales
Ericaceae,Ericaceae,Ericales
Erinaceae,Orobanchaceae,Lamiales
Eriocaulaceae,Eriocaulaceae,Poales
Eriogonaceae,Polygonaceae,Caryophyllales
Eriospermaceae,Asparagaceae,Asparagales
Erodiaceae,Geraniaceae,Geraniales
Erycibaceae,Convolvulaceae,Solanales
Eryngiaceae,Apiaceae,Apiales
Erysimaceae,Brassicaceae,Brassicales
Erythroniaceae,Liliaceae,Liliales
Erythropalaceae,Erythropalaceae,Santalales
Erythrospermaceae,Achariaceae,Malpighiales
Erythroxylaceae,Erythroxylaceae,Malpighiales
Escalloniaceae,Escalloniaceae,Escalloniales
Eschscholziaceae,Papaveraceae,Ranunculales
Eucomidaceae,Asparagaceae,Asparagales
Eucommiaceae,Eucommiaceae,Garryales
Eucryphiaceae,Cunoniaceae,Oxalidales
Eugeniaceae,Myrtaceae,Myrtales
Euonymaceae,Celastraceae,Celastrales
Eupatoriaceae,Asteraceae,Asterales
Euphorbiaceae,Euphorbiaceae,Malpighiales
Euphrasiaceae,Orobanchaceae,Lamiales
Euphroniaceae,Euphroniaceae,Malpighiales
Eupomatiaceae,Eupomatiaceae,Magnoliales
Eupteleaceae,Eupteleaceae,Ranunculales
Euryalaceae,Nymphaeaceae,Nymphaeales
Eustrephaceae,Asparagaceae,Asparagales
Euthemidaceae,Ochnaceae,Malpighiales
Eutocaceae,Hydrophyllaceae,Boraginales
Evolvulaceae,Convolvulaceae,Solanales
Exbucklandiaceae,Hamamelidaceae,Saxifragales
Exocarpaceae,Santalaceae,Santalales
Fabaceae,Fabaceae,Fabales
Fagaceae,Fagaceae,Fagales
Falcatifoliaceae,Podocarpaceae,Cupressales
Ferulaceae,Apiaceae,Apiales
Festucaceae,Poaceae,Poales
Ficaceae,Moraceae,Rosales
Ficoidaceae,Aizoaceae,Caryophyllales
Filicaceae,Dryopteridaceae,Polypodiales-eupolypod_I
Fitzroyaceae,Cupressaceae,Cupressales
Flacourtiaceae,Salicaceae,Malpighiales
Flagellariaceae,Flagellariaceae,Poales
Flindersiaceae,Rutaceae,Sapindales
Foetidiaceae,Lecythidaceae,Ericales
Forestieraceae,Oleaceae,Lamiales
Fothergillaceae,Hamamelidaceae,Saxifragales
Fouquieriaceae,Fouquieriaceae,Ericales
Fragariaceae,Rosaceae,Rosales
Francoaceae,Francoaceae,Geraniales
Frangulaceae,Rhamnaceae,Rosales
Frankeniaceae,Frankeniaceae,Caryophyllales
Fraxinaceae,Oleaceae,Lamiales
Fraxinellaceae,Rutaceae,Sapindales
Freycinetiaceae,Pandanaceae,Pandanales
Fritillariaceae,Liliaceae,Liliales
Fuchsiaceae,Onagraceae,Myrtales
Fumariaceae,Papaveraceae,Ranunculales
Funkiaceae,Asparagaceae,Asparagales
Gaiadendraceae,Loranthaceae,Santalales
Galacinaceae,Diapensiaceae,Ericales
Galanthaceae,Amaryllidaceae,Asparagales
Galaxiaceae,Iridaceae,Asparagales
Galedupaceae,Fabaceae,Fabales
Galeniaceae,Aizoaceae,Caryophyllales
Galiaceae,Rubiaceae,Gentianales
Garciniaceae,Clusiaceae,Malpighiales
Gardeniaceae,Rubiaceae,Gentianales
Gardneriaceae,Loganiaceae,Gentianales
Garryaceae,Garryaceae,Garryales
Geissolomataceae,Geissolomataceae,Crossosomatales
Geitonoplesiaceae,Asphodelaceae,Asparagales
Gelsemiaceae,Gelsemiaceae,Gentianales
Geniostomataceae,Loganiaceae,Gentianales
Gentianaceae,Gentianaceae,Gentianales
Geoffroeaceae,Fabaceae,Fabales
Geonomataceae,Arecaceae,Arecales
Geosiridaceae,Iridaceae,Asparagales
Geraniaceae,Geraniaceae,Geraniales
Gerrardinaceae,Gerrardinaceae,Huerteales
Gesneriaceae,Gesneriaceae,Lamiales
Gethyllidaceae,Amaryllidaceae,Asparagales
Gilliesiaceae,Amaryllidaceae,Asparagales
Ginalloaceae,Santalaceae,Santalales
Ginkgoaceae,Ginkgoaceae,Ginkgoales
Gisekiaceae,Gisekiaceae,Caryophyllales
Gladiolaceae,Iridaceae,Asparagales
Glaucidiaceae,Ranunculaceae,Ranunculales
Glechomaceae,Lamiaceae,Lamiales
Gleicheniaceae,Gleicheniaceae,Gleicheniales
Glinaceae,Molluginaceae,Caryophyllales
Globulariaceae,Plantaginaceae,Lamiales
Glyceriaceae,Poaceae,Poales
Gnaphaliaceae,Asteraceae,Asterales
Gnetaceae,Gnetaceae,Gnetales
Gnidiaceae,Thymelaeaceae,Malvales
Goetzeaceae,Solanaceae,Solanales
Gomortegaceae,Gomortegaceae,Laurales
Gomphiaceae,Ochnaceae,Malpighiales
Gomphrenaceae,Amaranthaceae,Caryophyllales
Gonystylaceae,Thymelaeaceae,Malvales
Goodeniaceae,Goodeniaceae,Asterales
Gordoniaceae,Theaceae,Ericales
Gouaniaceae,Rhamnaceae,Rosales
Goupiaceae,Goupiaceae,Malpighiales
Gramineae,Gramineae,Poales
Grammitidaceae,Polypodiaceae,Polypodiales-eupolypod_I
Gratiolaceae,Plantaginaceae,Lamiales
Grewiaceae,Malvaceae,Malvales
Greyiaceae,Francoaceae,Geraniales
Grielaceae,Neuradaceae,Malvales
Grindeliaceae,Asteraceae,Asterales
Griseliniaceae,Griseliniaceae,Apiales
Gronoviaceae,Loasaceae,Cornales
Grossulariaceae,Grossulariaceae,Saxifragales
Grubbiaceae,Grubbiaceae,Cornales
Guaiacanaceae,Ebenaceae,Ericales
Guamatelaceae,Guamatelaceae,Crossosomatales
Guettardaceae,Rubiaceae,Gentianales
Gunneraceae,Gunneraceae,Gunnerales
Gustaviaceae,Lecythidaceae,Ericales
Guttiferae,Clusiaceae,Malpighiales
Gymnogrammitidaceae,Polypodiaceae,Polypodiales-eupolypod_I
Gyrocarpaceae,Hernandiaceae,Laurales
Gyrostemonaceae,Gyrostemonaceae,Brassicales
Hachetteaceae,Balanophoraceae,Santalales
Haemanthaceae,Amaryllidaceae,Asparagales
Haemodoraceae,Haemodoraceae,Commelinales
Halesiaceae,Styracaceae,Ericales
Halleriaceae,Stilbaceae,Lamiales
Halocarpaceae,Podocarpaceae,Cupressales
Halophilaceae,Hydrocharitaceae,Alismatales
Halophytaceae,Halophytaceae,Caryophyllales
Haloragaceae,Haloragaceae,Saxifragales
Hamamelidaceae,Hamamelidaceae,Saxifragales
Hameliaceae,Rubiaceae,Gentianales
Hanguanaceae,Hanguanaceae,Commelinales
Haptanthaceae,Buxaceae,Buxales
Harmandiaceae,Aptandraceae,Santalales
Hebenstretiaceae,Scrophulariaceae,Lamiales
Hectorellaceae,Montiaceae,Caryophyllales
Hederaceae,Araliaceae,Apiales
Hedyosmaceae,Chloranthaceae,Chloranthales
Hedyotidaceae,Rubiaceae,Gentianales
Hedysaraceae,Fabaceae,Fabales
Heisteriaceae,Erythropalaceae,Santalales
Heleniaceae,Asteraceae,Asterales
Heliamphoraceae,Sarraceniaceae,Ericales
Helianthaceae,Asteraceae,Asterales
Helianthemaceae,Cistaceae,Malvales
Helichrysaceae,Asteraceae,Asterales
Heliconiaceae,Heliconiaceae,Zingiberales
Helicteraceae,Malvaceae,Malvales
Heliotropiaceae,Heliotropiaceae,Boraginales
Helleboraceae,Ranunculaceae,Ranunculales
Helmithostachyaceae,Ophioglossaceae,Ophioglossales
Heloniadaceae,Melanthiaceae,Liliales
Helosidaceae,Balanophoraceae,Santalales
Helwingiaceae,Helwingiaceae,Aquifoliales
Hemerocallidaceae,Asphodelaceae,Asparagales
Hemidictyaceae,Hemidictyaceae,Polypodiales-eupolypod_II
Hemionotidaceae,Pteridaceae,Polypodiales
Hemimeridaceae,Scrophulariaceae,Lamiales
Hemiphylacaceae,Asparagaceae,Asparagales
Henriqueziaceae,Rubiaceae,Gentianales
Henslowiaceae,Crypteroniaceae,Myrtales
Hermanniaceae,Malvaceae,Malvales
Hernandiaceae,Hernandiaceae,Laurales
Herniariaceae,Caryophyllaceae,Caryophyllales
Herreriaceae,Asparagaceae,Asparagales
Hesperocallidaceae,Asparagaceae,Asparagales
Heterantheraceae,Pontederiaceae,Commelinales
Heteropyxidaceae,Myrtaceae,Myrtales
Heterostylaceae,Juncaginaceae,Alismatales
Hewardiaceae,Iridaceae,Asparagales
Hibbertiaceae,Dilleniaceae,Dilleniales
Hibiscaceae,Malvaceae,Malvales
Hilleriaceae,Petiveriaceae,Caryophyllales
Himantandraceae,Himantandraceae,Magnoliales
Hippocastanaceae,Sapindaceae,Sapindales
Hippocrateaceae,Celastraceae,Celastrales
Hippomanaceae,Euphorbiaceae,Malpighiales
Hippophaeaceae,Elaeagnaceae,Rosales
Hippuridaceae,Plantaginaceae,Lamiales
Hirtellaceae,Chrysobalanaceae,Malpighiales
Holacanthaceae,Simaroubaceae,Sapindales
Holcaceae,Poaceae,Poales
Homaliaceae,Salicaceae,Malpighiales
Hopkinsiaceae,Restionaceae,Poales
Hoplestigmataceae,Cordiaceae,Boraginales
Hordeaceae,Poaceae,Poales
Hornschuchiaceae,Annonaceae,Magnoliales
Hortensiaceae,Hydrangeaceae,Cornales
Hortoniaceae,Monimiaceae,Laurales
Hostaceae,Asparagaceae,Asparagales
Hottoniaceae,Primulaceae,Ericales
Houstoniaceae,Rubiaceae,Gentianales
Huaceae,Huaceae,Oxalidales
Huerteaceae,Tapisciaceae,Huerteales
Hugoniaceae,Linaceae,Malpighiales
Humbertiaceae,Convolvulaceae,Solanales
Humiriaceae,Humiriaceae,Malpighiales
Humulaceae,Cannabaceae,Rosales
Hyacinthaceae,Asparagaceae,Asparagales
Hydatellaceae,Hydatellaceae,Nymphaeales
Hydnoraceae,Aristolochiaceae,Piperales
Hydrangeaceae,Hydrangeaceae,Cornales
Hydrastidaceae,Ranunculaceae,Ranunculales
Hydrillaceae,Hydrocharitaceae,Alismatales
Hydrocharitaceae,Hydrocharitaceae,Alismatales
Hydroceraceae,Balsaminaceae,Ericales
Hydrocotylaceae,Araliaceae,Apiales
Hydrogetonaceae,Potamogetonaceae,Alismatales
Hydroleaceae,Hydroleaceae,Solanales
Hydropeltidaceae,Cabombaceae,Nymphaeales
Hydrophylacaceae,Rubiaceae,Gentianales
Hydrophyllaceae,Hydrophyllaceae,Boraginales
Hydrostachyaceae,Hydrostachyaceae,Cornales
Hymenocardiaceae,Phyllanthaceae,Malpighiales
Hymenophyllaceae,Hymenophyllaceae,Hymenophyllales
Hymenophyllopsidaceae,Cyatheaceae,Cyatheales
Hyoscyamaceae,Solanaceae,Solanales
Hypecoaceae,Papaveraceae,Ranunculales
Hyperantheraceae,Moringaceae,Brassicales
Hypericaceae,Hypericaceae,Malpighiales
Hypodematiaceae,Hypodematiaceae,Polypodiales-eupolypod_I
Hypolepidaceae,Dennstaedtiaceae,Polypodiales
Hypopityaceae,Ericaceae,Ericales
Hypoxidaceae,Hypoxidaceae,Asparagales
Hypseocharitaceae,Geraniaceae,Geraniales
Icacinaceae,Icacinaceae,Icacinales
Idiospermaceae,Calycanthaceae,Laurales
Illecebraceae,Caryophyllaceae,Caryophyllales
Ilicaceae,Aquifoliaceae,Aquifoliales
Illiciaceae,Schisandraceae,Austrobaileyales
Illigeraceae,Hernandiaceae,Laurales
Impatientaceae,Balsaminaceae,Ericales
Imperatoriaceae,Apiaceae,Apiales
Inocarpaceae,Fabaceae,Fabales
Inulaceae,Asteraceae,Asterales
Iodaceae,Icacinaceae,Icacinales
Ionidiaceae,Violaceae,Malpighiales
Iriarteaceae,Arecaceae,Arecales
Iridaceae,Iridaceae,Asparagales
Irvingiaceae,Irvingiaceae,Malpighiales
Isatidaceae,Brassicaceae,Brassicales
Isnardiaceae,Onagraceae,Myrtales
Isoëtaceae,Isoëtaceae,Lycopodiales
Isophysidaceae,Iridaceae,Asparagales
Iteaceae,Iteaceae,Saxifragales
Ivaceae,Asteraceae,Asterales
Ixerbaceae,Strasburgeriaceae,Crossosomatales
Ixiaceae,Iridaceae,Asparagales
Ixioliriaceae,Ixioliriaceae,Asparagales
Ixonanthaceae,Ixonanthaceae,Malpighiales
Jalapaceae,Nyctaginaceae,Caryophyllales
Jamboliferaceae,Rutaceae,Sapindales
Japonoliriaceae,Petrosaviaceae,Petrosaviales
Jasionaceae,Campanulaceae,Asterales
Jasminiaceae,Oleaceae,Lamiales
Johnsoniaceae,Asphodelaceae,Asparagales
Joinvilleaceae,Joinvilleaceae,Poales
Juglandaceae,Juglandaceae,Fagales
Julianiaceae,Anacardiaceae,Sapindales
Juncaceae,Juncaceae,Poales
Juncaginaceae,Juncaginaceae,Alismatales
Juniperaceae,Cupressaceae,Cupressales
Jussiaeaceae,Onagraceae,Myrtales
Justiciaceae,Acanthaceae,Lamiales
Kadsuraceae,Schisandraceae,Austrobaileyales
Kaliphoraceae,Montiniaceae,Solanales
Kalmiaceae,Ericaceae,Ericales
Kaniaceae,Myrtaceae,Myrtales
Kasicarpaceae,Kasicarpaceae,fossil_Sarbaicarpales
Kewaceae,Kewaceae,Caryophyllales
Kiggelariaceae,Achariaceae,Malpighiales
Kingdoniaceae,Circaeasteraceae,Ranunculales
Kingiaceae,Dasypogonaceae,Arecales
Kirengeshomaceae,Hydrangeaceae,Cornales
Kirkiaceae,Kirkiaceae,Sapindales
Kobresiaceae,Cyperaceae,Poales
Koeberliniaceae,Koeberliniaceae,Brassicales
Koelreuteriaceae,Sapindaceae,Sapindales
Krameriaceae,Krameriaceae,Zygophyllales
Labiatae,Labiatae,Lamiales
Lacandoniaceae,Triuridaceae,Pandanales
Lachenaliaceae,Asparagaceae,Asparagales
Lacistemataceae,Lacistemataceae,Malpighiales
Lactoridaceae,Aristolochiaceae,Piperales
Lactucaceae,Asteraceae,Asterales
Lagerstroemiaceae,Lythraceae,Myrtales
Lagoeciaceae,Apiaceae,Apiales
Laguraceae,Poaceae,Poales
Lamiaceae,Lamiaceae,Lamiales
Lanariaceae,Lanariaceae,Asparagales
Langsdorffiaceae,Balanophoraceae,Santalales
Lantanaceae,Verbenaceae,Lamiales
Lapageriaceae,Philesiaceae,Liliales
Lardizabalaceae,Lardizabalaceae,Ranunculales
Lasiaceae,Araceae,Alismatales
Lasiopetalaceae,Malvaceae,Malvales
Lauraceae,Lauraceae,Laurales
Lawsoniaceae,Lythraceae,Myrtales
Laxmanniaceae,Asparagaceae,Asparagales
Lecythidaceae,Lecythidaceae,Ericales
Ledaceae,Ericaceae,Ericales
Ledocarpaceae,Francoaceae,Geraniales
Leeaceae,Vitaceae,Vitales
Legnotidaceae,Rhizophoraceae,Malpighiales
Leguminosae,Fabaceae,Fabales
Leitneriaceae,Simaroubaceae,Sapindales
Lemnaceae,Araceae,Alismatales
Lennoaceae,Ehretiaceae,Boraginales
Lentibulariaceae,Lentibulariaceae,Lamiales
Lentiscaceae,Anacardiaceae,Sapindales
Leoniaceae,Violaceae,Malpighiales
Leonticaceae,Berberidaceae,Ranunculales
Lepidobotryaceae,Lepidobotryaceae,Celastrales
Lepidocarpaceae,Proteaceae,Proteales
Lepidocaryaceae,Arecaceae,Arecales
Lepidocerataceae,Santalaceae,Santalales
Lepidothamnaceae,Podocarpaceae,Cupressales
Leptaulaceae,Cardiopteridaceae,Aquifoliales
Leptospermaceae,Myrtaceae,Myrtales
Lepturaceae,Poaceae,Poales
Lepuropetalaceae,Celastraceae,Celastrales
Leucojaceae,Amaryllidaceae,Asparagales
Leuctenbergiaceae,Cactaceae,Caryophyllales
Libocedraceae,Cupressaceae,Cupressales
Licaniaceae,Chrysobalanaceae,Malpighiales
Ligustraceae,Oleaceae,Lamiales
Lilaeaceae,Juncaginaceae,Alismatales
Liliaceae,Liliaceae,Liliales
Limeaceae,Limeaceae,Caryophyllales
Limnanthaceae,Limnanthaceae,Brassicales
Limnocharitaceae,Alismataceae,Alismatales
Limnnopityaceae,Cupressaceae,Cupressales
Limodoraceae,Orchidaceae,Asparagales
Limoniaceae,Plumbaginaceae,Caryophyllales
Limosellaceae,Scrophulariaceae,Lamiales
Linaceae,Linaceae,Malpighiales
Linariaceae,Plantaginaceae,Lamiales
Lindenbergiaceae,Orobanchaceae,Lamiales
Linderniaceae,Linderniaceae,Lamiales
Lindleyaceae,Rosaceae,Rosales
Lindsaeaceae,Lindsaeaceae,Polypodiales
Linnaeaceae,Caprifoliaceae,Dipsacales
Liparidaceae,Orchidaceae,Asparagales
Lippayaceae,Rubiaceae,Gentianales
Liriaceae,Liliaceae,Liliales
Liriodendraceae,Magnoliaceae,Magnoliales
Lissocarpaceae,Ebenaceae,Ericales
Littorellaceae,Plantaginaceae,Lamiales
Loasaceae,Loasaceae,Cornales
Lobeliaceae,Campanulaceae,Asterales
Loganiaceae,Loganiaceae,Gentianales
Loliaceae,Poaceae,Poales
Lomandraceae,Asparagaceae,Asparagales
Lomariopsidaceae,Lomariopsidaceae,Polypodiales-eupolypod_I
Lonchitidaceae,Lonchitidaceae,Polypodiales
Loniceraceae,Caprifoliaceae,Dipsacales
Lopeziaceae,Onagraceae,Myrtales
Lophiocarpaceae,Lophiocarpaceae,Caryophyllales
Lophiolaceae,Nartheciaceae,Dioscoreales
Lophiraceae,Ochnaceae,Malpighiales
Lophophytaceae,Balanophoraceae,Santalales
Lophopyxidaceae,Lophopyxidaceae,Malpighiales
Lophosoriaceae,Dicksoniaceae,Cyatheales
Loranthaceae,Loranthaceae,Santalales
Lotaceae,Fabaceae,Fabales
Lowiaceae,Lowiaceae,Zingiberales
Loxogrammaceae,Polypodiaceae,Polypodiales-eupolypod_I
Loxsomataceae,Loxsomataceae,Cyatheales
Lupulaceae,Cannabaceae,Rosales
Luxemburgiaceae,Ochnaceae,Malpighiales
Luzuriagaceae,Alstroemeriaceae,Liliales
Lychnidaceae,Caryophyllaceae,Caryophyllales
Lyciaceae,Solanaceae,Solanales
Lycopodiaceae,Lycopodiaceae,Lycopodiales
Lyginiaceae,Restionaceae,Poales
Lygodiaceae,Lygodiaceae,Schizaeales
Lygodisodeaceae,Rubiaceae,Gentianales
Lysimachiaceae,Primulaceae,Ericales
Lythraceae,Lythraceae,Myrtales
Macarisiaceae,Rhizophoraceae,Malpighiales
Macarthuriaceae,Macarthuriaceae,Caryophyllales
Mackinlayaceae,Apiaceae,Apiales
Madiaceae,Asteraceae,Asterales
Maesaceae,Primulaceae,Ericales
Magnoliaceae,Magnoliaceae,Magnoliales
Malaceae,Rosaceae,Rosales
Malesherbiaceae,Passifloraceae,Malpighiales
Malortieaceae,Arecaceae,Arecales
Malpighiaceae,Malpighiaceae,Malpighiales
Malvaceae,Malvaceae,Malvales
Mangiaceae,Rhizophoraceae,Malpighiales
Manicariaceae,Arecaceae,Arecales
Mansoniaceae,Malvaceae,Malvales
Mapaniaceae,Cyperaceae,Poales
Marantaceae,Marantaceae,Zingiberales
Marathraceae,Podostemaceae,Malpighiales
Marcgraviaceae,Marcgraviaceae,Ericales
Marsileaceae,Marsileaceae,Marsileales
Marattiaceae,Marattiaceae,Marattiales
Martyniaceae,Martyniaceae,Lamiales
Mastixiaceae,Nyssaceae,Cornales
Matoniaceae,Matoniaceae,Gleicheniales
Matricariaceae,Asteraceae,Asterales
Maundiaceae,Maundiaceae,Alismatales
Mayacaceae,Mayacaceae,Poales
Mazaceae,Mazaceae,Lamiales
Medeolaceae,Liliaceae,Liliales
Medusagynaceae,Ochnaceae,Malpighiales
Medusandraceae,Peridiscaceae,Saxifragales
Melaleucaceae,Myrtaceae,Myrtales
Melampyraceae,Orobanchaceae,Lamiales
Melanophyllaceae,Torricelliaceae,Apiales
Melanthiaceae,Melanthiaceae,Liliales
Melastomataceae,Melastomataceae,Myrtales
Meliaceae,Meliaceae,Sapindales
Melianthaceae,Greyiaceae,Geraniales
Melicaceae,Poaceae,Poales
Meliosmaceae,Sabiaceae,Proteales
Melittidaceae,Lamiaceae,Lamiales
Melochiaceae,Malvaceae,Malvales
Memecylaceae,Melastomataceae,Myrtales
Mendonciaceae,Acanthaceae,Lamiales
Menispermaceae,Menispermaceae,Ranunculales
Menthaceae,Lamiaceae,Lamiales
Menyanthaceae,Menyanthaceae,Asterales
Menzieziaceae,Ericaceae,Ericales
Mercurialaceae,Euphorbiaceae,Malpighiales
Merenderaceae,Colchicaceae,Liliales
Mesembryaceae,Aizoaceae,Caryophyllales
Mesembryanthemaceae,Aizoaceae,Caryophyllales
Mespilaceae,Rosaceae,Rosales
Metasequioaceae,Cupressaceae,Cupressales
Metaxyaceae,Metaxyaceae,Cyatheales
Metteniusaceae,Metteniusaceae,Metteniusales
Meyeniaceae,Acanthaceae,Lamiales
Miconiaceae,Melastomataceae,Myrtales
Micrantheaceae,Picrodendraceae,Malpighiales
Microbiotaceae,Cupressaceae,Cupressales
Microcachrydaceae,Podocarpaceae,Cupressales
Microcycadaceae,Zamiaceae,Cycadales
Microstrobaceae,Podocarpaceae,Cupressales
Microteaceae,Microteaceae,Caryophyllales
Miliaceae,Poaceae,Poales
Milulaceae,Amaryllidaceae,Asparagales
Mimosaceae,Fabaceae,Fabales
Minuartiaceae,Caryophyllaceae,Caryophyllales
Mirabilidaceae,Nyctaginaceae,Caryophyllales
Misodendraceae,Misodendraceae,Santalales
Mitrastemonaceae,Mitrastemonaceae,Ericales
Miyoshiaceae,Petrosaviaceae,Petrosaviales
Modeccaceae,Passifloraceae,Malpighiales
Molluginaceae,Molluginaceae,Caryophyllales
Monardaceae,Lamiaceae,Lamiales
Monimiaceae,Monimiaceae,Laurales
Monodoraceae,Annonaceae,Magnoliales
Monotaceae,Dipterocarpaceae,Malvales
Monotropaceae,Ericaceae,Ericales
Monsteraceae,Araceae,Alismatales
Montiaceae,Montiaceae,Caryophyllales
Montiniaceae,Montiniaceae,Solanales
Montsechiaceae_(extinct),Montsechiaceae_(extinct),Ceratophyllales
Moraceae,Moraceae,Rosales
Moreniaceae,Arecaceae,Arecales
Morinaceae,Caprifoliaceae,Dipsacales
Moringaceae,Moringaceae,Brassicales
Mouririaceae,Melastomataceae,Myrtales
Moutabeaceae,Polygalaceae,Fabales
Muntingiaceae,Muntingiaceae,Malvales
Musaceae,Musaceae,Zingiberales
Mutisiaceae,Asteraceae,Asterales
Myodocarpaceae,Myodocarpaceae,Apiales
Myoporaceae,Scrophulariaceae,Lamiales
Myricaceae,Myricaceae,Fagales
Myriophyllaceae,Haloragaceae,Saxifragales
Myristicaceae,Myristicaceae,Magnoliales
Myrobalanaceae,Combretaceae,Myrtales
Myrothamnaceae,Myrothamnaceae,Gunnerales
Myrrhiniaceae,Myrtaceae,Myrtales
Myrsinaceae,Primulaceae,Ericales
Myrtaceae,Myrtaceae,Myrtales
Mystropetalaceae,Balanophoraceae,Santalales
Nageiaceae,Podocarpaceae,Cupressales
Najadaceae,Hydrocharitaceae,Alismatales
Namaceae,Namaceae,Boraginales
Nandinaceae,Berberidaceae,Ranunculales
Nanodeaceae,Santalaceae,Santalales
Napoleonaeaceae,Lecythidaceae,Ericales
Nartheciaceae,Nartheciaceae,Dioscoreales
Narcissaceae,Amaryllidaceae,Asparagales
Nardaceae,Poaceae,Poales
Nassauviaceae,Asteraceae,Asterales
Naucleaceae,Rubiaceae,Gentianales
Nectaropetalaceae,Erythroxylaceae,Malpighiales
Negripteridaceae,Pteridaceae,Polypodiales
Neilliaceae,Rosaceae,Rosales
Nelsoniaceae,Acanthaceae,Lamiales
Nelumbonaceae,Nelumbonaceae,Proteales
Nemacladaceae,Campanulaceae,Asterales
Neocallitropsidaceae,Cupressaceae,Cupressales
Neottiaceae,Orchidaceae,Asparagales
Nepenthaceae,Nepenthaceae,Caryophyllales
Nepetaceae,Lamiaceae,Lamiales
Nephrolepidaceae,Nephrolepidaceae,Polypodiales-eupolypod_I
Nesogenaceae,Orobanchaceae,Lamiales
Neuradaceae,Neuradaceae,Malvales
Neuwiediaceae,Orchidaceae,Asparagales
Nhandirobaceae,Cucurbitaceae,Cucurbitales
Nicotianaceae,Solanaceae,Solanales
Nigellaceae,Ranunculaceae,Ranunculales
Nitrariaceae,Nitrariaceae,Sapindales
Nolanaceae,Solanaceae,Solanales
Nolinaceae,Asparagaceae,Asparagales
Nonateliaceae,Rubiaceae,Gentianales
Nopaleaceae,Cactaceae,Caryophyllales
Noranteaceae,Marcgraviaceae,Ericales
Nothofagaceae,Nothofagaceae,Fagales
Nupharaceae,Nymphaeaceae,Nymphaeales
Nuytsiaceae,Loranthaceae,Santalales
Nyctaginaceae,Nyctaginaceae,Caryophyllales
Nyctanthaceae,Oleaceae,Lamiales
Nymphaeaceae,Nymphaeaceae,Nymphaeales
Nypaceae,Arecaceae,Arecales
Nyssaceae,Nyssaceae,Cornales
Obolariaceae,Gentianaceae,Gentianales
Ochnaceae,Ochnaceae,Malpighiales
Ochranthaceae,Staphyleaceae,Crossosomatales
Octoknemaceae,Octoknemaceae,Santalales
Oenotheraceae,Onagraceae,Myrtales
Oftiaceae,Scrophulariaceae,Lamiales
Olacaceae,Olacaceae,Santalales
Oleaceae,Oleaceae,Lamiales
Oleandraceae,Oleandraceae,Polypodiales-eupolypod_I
Oliniaceae,Penaeaceae,Myrtales
Olyraceae,Poaceae,Poales
Onagraceae,Onagraceae,Myrtales
Oncothecaceae,Oncothecaceae,Icacinales
Onocleaceae,Onocleaceae,eupolypod_II
Onosmaceae,Boraginaceae,Boraginales
Operculariaceae,Rubiaceae,Gentianales
Ophioglossaceae,Ophioglossaceae,Ophioglossales
Ophiopogonaceae,Asparagaceae,Asparagales
Ophioxylaceae,Apocynaceae,Gentianales
Ophiraceae,Grubbiaceae,Cornales
Ophiuraceae,Poaceae,Poales
Ophrydaceae,Orchidaceae,Asparagales
Opiliaceae,Opiliaceae,Santalales
Oporanthaceae,Amaryllidaceae,Asparagales
Opuntiaceae,Cactaceae,Caryophyllales
Orchidaceae,Orchidaceae,Asparagales
Ornithogalaceae,Asparagaceae,Asparagales
Ornithrophaceae,Cunoniaceae,Oxalidales
Orobanchaceae,Orobanchaceae,Lamiales
Orontiaceae,Araceae,Alismatales
Ortegaceae,Caryophyllaceae,Caryophyllales
Oryzaceae,Poaceae,Poales
Osyridaceae,Santalaceae,Santalales
Oxalidaceae,Oxalidaceae,Oxalidales
Oxycladaceae,Plantaginaceae,Lamiales
Oxycoccaceae,Ericaceae,Ericales
Oxystylidaceae,Cleomaceae,Brassicales
Pachysandraceae,Buxaceae,Buxales
Pacouriaceae,Apocynaceae,Gentianales
Paeoniaceae,Paeoniaceae,Saxifragales
Pagamaeaceae,Rubiaceae,Gentianales
Paivaeusaceae,Picrodendraceae,Malpighiales
Palmae,Palmae,Arecales
Pancratiaceae,Amaryllidaceae,Asparagales
Pandaceae,Pandaceae,Malpighiales
Pandanaceae,Pandanaceae,Pandanales
Pangiaceae,Achariaceae,Malpighiales
Panicaceae,Poaceae,Poales
Papaveraceae,Papaveraceae,Ranunculales
Papayaceae,Caricaceae,Brassicales
Papilionaceae,Fabaceae,Fabales
Pappophoraceae,Poaceae,Poales
Papyraceae,Cyperaceae,Poales
Paracryphiaceae,Paracryphiaceae,Paracryphiales
Parasitaxaceae,Podocarpaceae,Cupressales
Parianaceae,Poaceae,Poales
Paridaceae,Melanthiaceae,Liliales
Parkeriaceae,Pteridaceae,Polypodiales
Parnassiaceae,Celastraceae,Celastrales
Paronychiaceae,Caryophyllaceae,Caryophyllales
Paropsiaceae,Passifloraceae,Malpighiales
Parrotiaceae,Hamamelidaceae,Saxifragales
Partheniaceae,Asteraceae,Asterales
Paspalaceae,Poaceae,Poales
Passifloraceae,Passifloraceae,Malpighiales
Pastinacaceae,Apiaceae,Apiales
Paulliniaceae,Sapindaceae,Sapindales
Paulowniaceae,Paulowniaceae,Lamiales
Paviaceae,Sapindaceae,Sapindales
Pectiantiaceae,Saxifragaceae,Saxifragales
Pedaliaceae,Pedaliaceae,Lamiales
Pedicularidaceae,Orobanchaceae,Lamiales
Peganaceae,Nitrariaceae,Sapindales
Peliosanthaceae,Asparagaceae,Asparagales
Pellicieraceae,Tetrameristaceae,Ericales
Peltantheraceae,Peltantheraceae,Lamiales
Penaeaceae,Penaeaceae,Myrtales
Pennantiaceae,Pennantiaceae,Apiales
Pentadiplandraceae,Pentadiplandraceae,Brassicales
Pentapetaceae,Malvaceae,Malvales
Pentaphragmataceae,Pentaphragmataceae,Asterales
Pentaphylacaceae,Pentaphylacaceae,Ericales
Pentastemonaceae,Stemonaceae,Pandanales
Penthoraceae,Penthoraceae,Saxifragales
Peperomiaceae,Piperaceae,Piperales
Peraceae,Peraceae,Malpighiales
Peranemataceae,Dryopteridaceae,Polypodiales-eupolypod_I
Perdiciaceae,Asteraceae,Asterales
Peridiscaceae,Peridiscaceae,Saxifragales
Periplocaceae,Apocynaceae,Gentianales
Peripterygiaceae,Cardiopteridaceae,Aquifoliales
Perseaceae,Lauraceae,Laurales
Persicariaceae,Polygonaceae,Caryophyllales
Petenaeaceae,Petenaeaceae,Huerteales
Petermanniaceae,Petermanniaceae,Liliales
Petiveriaceae,Petiveriaceae,Caryophyllales
Petreaceae,Verbenaceae,Lamiales
Petrosaviaceae,Petrosaviaceae,Petrosaviales
Phalaridaceae,Poaceae,Poales
Phaleriaceae,Thymelaeaceae,Malvales
Pharaceae,Poaceae,Poales
Pharnaceaceae,Molluginaceae,Caryophyllales
Phaseolaceae,Fabaceae,Fabales
Phellinaceae,Phellinaceae,Asterales
Phelypaeaceae,Orobanchaceae,Lamiales
Pherosphaeraceae,Podocarpaceae,Cupressales
Philadelphaceae,Hydrangeaceae,Cornales
Philesiaceae,Philesiaceae,Liliales
Philippodendraceae,Malvaceae,Malvales
Philocrenaceae,Podostemaceae,Malpighiales
Philodendraceae,Araceae,Alismatales
Philydraceae,Philydraceae,Commelinales
Phleaceae,Poaceae,Poales
Phoenicaceae,Arecaceae,Arecales
Phoradendraceae,Santalaceae,Santalales
Phormiaceae,Asphodelaceae,Asparagales
Phrymaceae,Phrymaceae,Lamiales
Phylicaceae,Rhamnaceae,Rosales
Phyllanthaceae,Phyllanthaceae,Malpighiales
Phyllocladaceae,Podocarpaceae,Cupressales
Phyllonomaceae,Phyllonomaceae,Aquifoliales
Physenaceae,Physenaceae,Caryophyllales
Phytelephaceae,Arecaceae,Arecales
Phytocrenaceae,Icacinaceae,Icacinales
Phytolaccaceae,Phytolaccaceae,Caryophyllales
Piceaceae,Pinaceae,Pinales
Picramniaceae,Picramniaceae,Picramniales
Picridaceae,Asteraceae,Asterales
Picrodendraceae,Picrodendraceae,Malpighiales
Pilgerodendraceae,Cupressaceae,Cupressales
Pilocarpaceae,Rutaceae,Sapindales
Pilulariaceae,Marsileaceae,Marsileales
Pimpinellaceae,Apiaceae,Apiales
Pinaceae,Pinaceae,Pinales
Pinguiculaceae,Lentibulariaceae,Lamiales
Piperaceae,Piperaceae,Piperales
Piriquetaceae,Passifloraceae,Malpighiales
Pisoniaceae,Nyctaginaceae,Caryophyllales
Pistaciaceae,Anacardiaceae,Sapindales
Pistiaceae,Araceae,Alismatales
Pittosporaceae,Pittosporaceae,Apiales
Plagianthaceae,Malvaceae,Malvales
Plagiogyraceae,Plagiogyraceae,Cyatheales
Plagiopteraceae,Celastraceae,Celastrales
Plantaginaceae,Plantaginaceae,Lamiales
Platanaceae,Platanaceae,Proteales
Platycaryaceae,Juglandaceae,Fagales
Platyceriaceae,Polypodiaceae,Polypodiales-eupolypod_I
Platycladaceae,Cupressaceae,Cupressales
Platyspermataceae,Alseuosmiaceae,Asterales
Platyzomataceae,Pteridaceae,Polypodiales
Plectroniaceae,Penaeaceae,Myrtales
Pleurisanthaceae,Icacinaceae,Icacinales
Pleurisoriopsidaceae,Polypodiaceae,Polypodiales-eupolypod_I
Platystemonaceae,Papaveraceae,Ranunculales
Plocospermataceae,Plocospermataceae,Lamiales
Plumbaginaceae,Plumbaginaceae,Caryophyllales
Plumeriaceae,Apocynaceae,Gentianales
Poaceae,Poaceae,Poales
Podoaceae,Anacardiaceae,Sapindales
Podocarpaceae,Podocarpaceae,Cupressales
Podophyllaceae,Berberidaceae,Ranunculales
Podostemaceae,Podostemaceae,Malpighiales
Polemoniaceae,Polemoniaceae,Ericales
Poliothyrsidaceae,Salicaceae,Malpighiales
Polpodaceae,Molluginaceae,Caryophyllales
Polycarpaeaceae,Caryophyllaceae,Caryophyllales
Polycnemaceae,Amaranthaceae,Caryophyllales
Polygalaceae,Polygalaceae,Fabales
Polygonaceae,Polygonaceae,Caryophyllales
Polygonanthaceae,Anisophylleaceae,Cucurbitales
Polygonataceae,Asparagaceae,Asparagales
Polyosmaceae,Escalloniaceae,Escalloniales
Polypodiaceae,Polypodiaceae,Polypodiales-eupolypod_I
Polypremaceae,Tetrachondraceae,Lamiales
Pontederiaceae,Pontederiaceae,Commelinales
Poranaceae,Convolvulaceae,Solanales
Porantheraceae,Phyllanthaceae,Malpighiales
Portulacaceae,Portulacaceae,Caryophyllales
Portulacariaceae,Didiereaceae,Caryophyllales
Posidoniaceae,Posidoniaceae,Alismatales
Potaliaceae,Gentianaceae,Gentianales
Potamogetonaceae,Potamogetonaceae,Alismatales
Potentillaceae,Rosaceae,Rosales
Poteriaceae,Rosaceae,Rosales
Pothaceae,Araceae,Alismatales
Pottingeriaceae,Celastraceae,Celastrales
Primulaceae,Primulaceae,Ericales
Prioniaceae,Thurniaceae,Poales
Prionotaceae,Ericaceae,Ericales
Prockiaceae,Salicaceae,Malpighiales
Proteaceae,Proteaceae,Proteales
Prumnopityaceae,Podocarpaceae,Cupressales
Prunaceae,Rosaceae,Rosales
Pseliaceae,Menispermaceae,Ranunculales
Pseudanthaceae,Picrodendraceae,Malpighiales
Pseudophoenicaceae,Arecaceae,Arecales
Psilotaceae,Psilotaceae,Ophioglossales
Psiloxylaceae,Myrtaceae,Myrtales
Psittacanthaceae,Loranthaceae,Santalales
Psychotriaceae,Rubiaceae,Gentianales
Psylliaceae,Plantaginaceae,Lamiales
Ptaeroxylaceae,Rutaceae,Sapindales
Pteleaceae,Rutaceae,Sapindales
Pteleocarpaceae,Gelsemiaceae,Gentianales
Pteridaceae,Pteridaceae,Polypodiales
Pteridiaceae,Dennstaedtiaceae,Polypodiales
Pteridophyllaceae,Papaveraceae,Ranunculales
Pterisanthaceae,Vitaceae,Vitales
Pterostemonaceae,Iteaceae,Saxifragales
Punicaceae,Lythraceae,Myrtales
Putranjivaceae,Putranjivaceae,Malpighiales
Pycnanthaceae,Orchidaceae,Orchidales
Pyraceae,Rosaceae,Rosales
Pyrolaceae,Pyroloideae,Ericales
Quassiaceae,Simaroubaceae,Sapindales
Quercaceae,Fagaceae,Fagales
Quiinaceae,Ochnaceae,Malpighiales
Quillajaceae,Quillajaceae,Fabales
Quintiniaceae,Paracryphiaceae,Paracryphiales
Rafflesiaceae,Rafflesiaceae,Malpighiales
Ramondaceae,Gesneriaceae,Lamiales
Randiaceae,Rubiaceae,Gentianales
Ranunculaceae,Ranunculaceae,Ranunculales
Ranzaniaceae,Berberidaceae,Ranunculales
Rapateaceae,Rapateaceae,Poales
Raphanaceae,Brassicaceae,Brassicales
Reaumuriaceae,Tamaricaceae,Caryophyllales
Rehmanniaceae,Orobanchaceae,Lamiales
Resedaceae,Resedaceae,Brassicales
Restionaceae,Restionaceae,Poales
Retziaceae,Stilbaceae,Lamiales
Rhabdodendraceae,Rhabdodendraceae,Caryophyllales
Rhachidosoraceae,Rhachidosoraceae,Polypodiales-eupolypod_II
Rhamnaceae,Rhamnaceae,Rosales
Rhaptopetalaceae,Lecythidaceae,Ericales
Rhexiaceae,Melastomataceae,Myrtales
Rhinanthaceae,Orobanchaceae,Lamiales
Rhipogonaceae,Rhipogonaceae,Liliales
Rhizophoraceae,Rhizophoraceae,Malpighiales
Rhoaceae,Anacardiaceae,Sapindales
Rhodiolaceae,Crassulaceae,Saxifragales
Rhododendraceae,Ericaceae,Ericales
Rhodolaenaceae,Sarcolaenaceae,Malvales
Rhodoleiaceae,Hamamelidaceae,Saxifragales
Rhodoraceae,Ericaceae,Ericales
Rhodotypaceae,Rosaceae,Rosales
Rhoipteleaceae,Juglandaceae,Fagales
Rhopalocarpaceae,Sphaerosepalaceae,Malvales
Rhynchocalycaceae,Penaeaceae,Myrtales
Rhynchothecaceae,Francoaceae,Geraniales
Ribesiaceae,Grossulariaceae,Saxifragales
Ricinaceae,Euphorbiaceae,Malpighiales
Ricinocarpaceae,Euphorbiaceae,Malpighiales
Rivinaceae,Petiveriaceae,Caryophyllales
Roridulaceae,Roridulaceae,Ericales
Rosaceae,Rosaceae,Rosales
Rousseaceae,Rousseaceae,Asterales
Roxburghiaceae,Stemonaceae,Pandanales
Rubiaceae,Rubiaceae,Gentianales
Rumicaceae,Polygonaceae,Caryophyllales
Ruppiaceae,Ruppiaceae,Alismatales
Ruscaceae,Asparagaceae,Asparagales
Rutaceae,Rutaceae,Sapindales
Sabalaceae,Arecaceae,Arecales
Sabiaceae,Sabiaceae,Proteales
Sabiceaceae,Rubiaceae,Gentianales
Sabulinaceae,Caryophyllaceae,Caryophyllales
Saccharaceae,Poaceae,Poales
Saccifoliaceae,Gentianaceae,Gentianales
Saccolomataceae,Saccolomataceae,Polypodiales
Sagaceae,Arecaceae,Arecales
Saginaceae,Caryophyllaceae,Caryophyllales
Sagoneaceae,Hydroleaceae,Solanales
Salaciaceae,Celastraceae,Celastrales
Salaxidaceae,Ericaceae,Ericales
Salazariaceae,Lamiaceae,Lamiales
Salicaceae,Salicaceae,Malpighiales
Salicorniaceae,Amaranthaceae,Caryophyllales
Salpiglossidaceae,Solanaceae,Solanales
Salsolaceae,Amaranthaceae,Caryophyllales
Salvadoraceae,Salvadoraceae,Brassicales
Salviaceae,Lamiaceae,Lamiales
Salviniaceae,Salviniaceae,Marsileales
Sambucaceae,Viburnaceae,Dipsacales
Samolaceae,Primulaceae,Ericales
Samydaceae,Salicaceae,Malpighiales
Sanguisorbaceae,Rosaceae,Rosales
Saniculaceae,Apiaceae,Apiales
Sansevieriaceae,Asparagaceae,Asparagales
Santalaceae,Santalaceae,Santalales
Santolinaceae,Asteraceae,Asterales
Sapindaceae,Sapindaceae,Sapindales
Sapotaceae,Sapotaceae,Ericales
Sarbaicarpaceae,Sarbaicarpaceae,fossil_Sarbaicarpales
Sarcobataceae,Sarcobataceae,Caryophyllales
Sarcocaceae,Phytolaccaceae,Caryophyllales
Sarcolaenaceae,Sarcolaenaceae,Malvales
Sarcophytaceae,Balanophoraceae,Santalales
Sarcospermataceae,Sapotaceae,Ericales
Sarcostigmataceae,Icacinaceae,Icacinales
Sargentodoxaceae,Lardizabalaceae,Ranunculales
Sarraceniaceae,Sarraceniaceae,Ericales
Saturejaceae,Lamiaceae,Lamiales
Saurauiaceae,Actinidiaceae,Ericales
Saururaceae,Saururaceae,Piperales
Sauvagesiaceae,Ochnaceae,Malpighiales
Saxegothaeaceae,Podocarpaceae,Cupressales
Saxifragaceae,Saxifragaceae,Saxifragales
Scabiosaceae,Caprifoliaceae,Dipsacales
Scaevolaceae,Goodeniaceae,Asterales
Scandicaceae,Apiaceae,Apiales
Scepaceae,Phyllanthaceae,Malpighiales
Scheuchzeriaceae,Scheuchzeriaceae,Alismatales
Schinaceae,Anacardiaceae,Sapindales
Schisandraceae,Schisandraceae,Austrobaileyales
Schizaeaceae,Schizaeaceae,Schizaeales
Schizolaenaceae,Sarcolaenaceae,Malvales
Schizopetalaceae,Brassicaceae,Brassicales
Schlegeliaceae,Schlegeliaceae,Lamiales
Schoepfiaceae,Schoepfiaceae,Santalales
Schreberaceae,Oleaceae,Lamiales
Sciadopityaceae,Sciadopityaceae,Cupressales
Scillaceae,Asparagaceae,Asparagales
Scirpaceae,Cyperaceae,Poales
Scleranthaceae,Caryophyllaceae,Caryophyllales
Scleriaceae,Cyperaceae,Poales
Sclerophylacaceae,Solanaceae,Solanales
Scoliopaceae,Streptopoideae,Liliales
Scopariaceae,Plantaginaceae,Lamiales
Scorodocarpaceae,Strombosiaceae,Santalales
Scrophulariaceae,Scrophulariaceae,Lamiales
Scutellariaceae,Lamiaceae,Lamiales
Scybaliaceae,Balanophoraceae,Santalales
Scyphostegiaceae,Salicaceae,Malpighiales
Scytopetalaceae,Lecythidaceae,Ericales
Sebestenaceae,Cordiaceae,Boraginales
Sedaceae,Crassulaceae,Saxifragales
Seguieriaceae,Petiveriaceae,Caryophyllales
Selaginaceae,Scrophulariaceae,Lamiales
Selaginellaceae,Selaginellaceae,Lycopodiales
Selinaceae,Apiaceae,Apiales
Sempervivaceae,Crassulaceae,Saxifragales
Senecionaceae,Asteraceae,Asterales
Sequoiaceae,Cupressaceae,Cupressales
Serratulaceae,Asteraceae,Asterales
Sesamaceae,Pedaliaceae,Lamiales
Sesleriaceae,Poaceae,Poales
Sesuviaceae,Aizoaceae,Caryophyllales
Setchellanthaceae,Setchellanthaceae,Brassicales
Sheadendraceae,Combretaceae,Myrtales
Sibthorpiaceae,Plantaginaceae,Lamiales
Sidaceae,Malvaceae,Malvales
Silenaceae,Caryophyllaceae,Caryophyllales
Sileraceae,Apiaceae,Apiales
Simabaceae,Simaroubaceae,Sapindales
Simaroubaceae,Simaroubaceae,Sapindales
Simmondsiaceae,Simmondsiaceae,Caryophyllales
Sinofranchetiaceae,Lardizabalaceae,Ranunculales
Sinopteridaceae,Pteridaceae,Polypodiales
Siparunaceae,Siparunaceae,Laurales
Siphonanthaceae,Lamiaceae,Lamiales
Siphonodontaceae,Celastraceae,Celastrales
Sisymbriaceae,Brassicaceae,Brassicales
Sladeniaceae,Sladeniaceae,Ericales
Smeathmanniaceae,Passifloraceae,Malpighiales
Smilacaceae,Smilacaceae,Liliales
Smyrniaceae,Apiaceae,Apiales
Solanaceae,Solanaceae,Solanales
Sonneratiaceae,Lythraceae,Myrtales
Soramiaceae,Dilleniaceae,Dilleniales
Sorbaceae,Rosaceae,Rosales
Soulameaceae,Simaroubaceae,Sapindales
Soyauxiaceae,Peridiscaceae,Saxifragales
Sparganiaceae,Typhaceae,Poales
Sparmanniaceae,Malvaceae,Malvales
Spartinaceae,Poaceae,Poales
Spatheliaceae,Rutaceae,Sapindales
Spergulaceae,Caryophyllaceae,Caryophyllales
Spermacoceaceae,Rubiaceae,Gentianales
Sphaerosepalaceae,Sphaerosepalaceae,Malvales
Sphenocleaceae,Sphenocleaceae,Solanales
Sphenostemonaceae,Paracryphiaceae,Paracryphiales
Spigeliaceae,Loganiaceae,Gentianales
Spinaciaceae,Amaranthaceae,Caryophyllales
Spiraeaceae,Rosaceae,Rosales
Spiraeanthemaceae,Cunoniaceae,Oxalidales
Spondiadaceae,Anacardiaceae,Sapindales
Sporobolaceae,Poaceae,Poales
Stachydaceae,Lamiaceae,Lamiales
Stachyuraceae,Stachyuraceae,Crossosomatales
Stackhousiaceae,Celastraceae,Celastrales
Stangeriaceae,Zamiaceae,Cycadales
Stanleyaceae,Brassicaceae,Brassicales
Stapeliaceae,Apocynaceae,Gentianales
Staphyleaceae,Staphyleaceae,Crossosomatales
Staticaceae,Plumbaginaceae,Caryophyllales
Stegnospermataceae,Stegnospermataceae,Caryophyllales
Stellariaceae,Caryophyllaceae,Caryophyllales
Stemonaceae,Stemonaceae,Pandanales
Stemonuraceae,Stemonuraceae,Aquifoliales
Stenomeridaceae,Dioscoreaceae,Dioscoreales
Sterculiaceae,Malvaceae,Malvales
Stilaginaceae,Phyllanthaceae,Malpighiales
Stilbaceae,Stilbaceae,Lamiales
Stipaceae,Poaceae,Poales
Stixidaceae,Resedaceae,Brassicales
Strasburgeriaceae,Strasburgeriaceae,Crossosomatales
Stratiotaceae,Hydrocharitaceae,Alismatales
Strelitziaceae,Strelitziaceae,Zingiberales
Streptochaetaceae,Poaceae,Poales
Stromatopteridaceae,Gleicheniaceae,Gleicheniales
Strombosiaceae,Strombosiaceae,Santalales
Strumariaceae,Amaryllidaceae,Asparagales
Strychnaceae,Loganiaceae,Gentianales
Stylidiaceae,Stylidiaceae,Asterales
Stylobasiaceae,Surianaceae,Fabales
Stylocerataceae,Buxaceae,Buxales
Stypheliaceae,Ericaceae,Ericales
Styracaceae,Styracaceae,Ericales
Surianaceae,Surianaceae,Fabales
Swartziaceae,Fabaceae,Fabales
Swieteniaceae,Meliaceae,Sapindales
Symphoremataceae,Lamiaceae,Lamiales
Symplocaceae,Symplocaceae,Ericales
Synechanthaceae,Arecaceae,Arecales
Syringaceae,Oleaceae,Lamiales
Taccaceae,Taccaceae,Dioscoreales
Taenitidaceae,Pteridaceae,Polypodiales
Taiwaniaceae,Cupressaceae,Cupressales
Taktajaniaceae,Winteraceae,Canellales
Talinaceae,Talinaceae,Caryophyllales
Tamaceae,Dioscoreaceae,Dioscoreales
Tamaricaceae,Tamaricaceae,Caryophyllales
Tamarindaceae,Fabaceae,Fabales
Tamnaceae,Dioscoreaceae,Dioscoreales
Tanacetaceae,Asteraceae,Asterales
Tapisciaceae,Tapisciaceae,Huerteales
Taxaceae,Taxaceae,Cupressales
Taxodiaceae,Cupressaceae,Cupressales
Tecophilaeaceae,Tecophilaeaceae,Asparagales
Tectariaceae,Tectariaceae,Polypodiales-eupolypod_I
Telephiaceae,Caryophyllaceae,Caryophyllales
Tepuianthaceae,Thymelaeaceae,Malvales
Terminaliaceae,Combretaceae,Myrtales
Ternstroemiaceae,Pentaphylacaceae,Ericales
Tetracarpaeaceae,Tetracarpaeaceae,Saxifragales
Tetracentraceae,Trochodendraceae,Trochodendrales
Tetrachondraceae,Tetrachondraceae,Lamiales
Tetraclinaceae,Cupressaceae,Cupressales
Tetradiclidaceae,Nitrariaceae,Sapindales
Tetragoniaceae,Aizoaceae,Caryophyllales
Tetramelaceae,Tetramelaceae,Cucurbitales
Tetrameristaceae,Tetrameristaceae,Ericales
Tetrastylidiaceae,Strombosiaceae,Santalales
Tetrathecaceae,Elaeocarpaceae,Oxalidales
Thalassiaceae,Hydrocharitaceae,Alismatales
Thalictraceae,Ranunculaceae,Ranunculales
Theaceae,Theaceae,Ericales
Theligonaceae,Rubiaceae,Gentianales
Thelypteridaceae,Thelypteridaceae,Polypodiales-eupolypod_II
Themidaceae,Asparagaceae,Asparagales
Theobromataceae,Malvaceae,Malvales
Theophrastaceae,Primulaceae,Ericales
Thesiaceae,Santalaceae,Santalales
Thismiaceae,Thismiaceae,Dioscoreales
Thlaspiaceae,Brassicaceae,Brassicales
Thoaceae,Gnetaceae,Gnetales
Thomandersiaceae,Thomandersiaceae,Lamiales
Thujaceae,Cupressaceae,Cupressales
Thujopsidaceae,Cupressaceae,Cupressales
Thunbergiaceae,Acanthaceae,Lamiales
Thurniaceae,Thurniaceae,Poales
Thymelaeaceae,Thymelaeaceae,Malvales
Thyrsopteridaceae,Thyrsopteridaceae,Cyatheales
Ticodendraceae,Ticodendraceae,Fagales
Tiliaceae,Malvaceae,Malvales
Tillaeaceae,Crassulaceae,Saxifragales
Tillandsiaceae,Bromeliaceae,Poales
Tinaceae,Viburnaceae,Dipsacales
Tithymalaceae,Euphorbiaceae,Malpighiales
Tmesipteridaceae,Psilotaceae,Ophioglossales
Tofieldiaceae,Tofieldiaceae,Alismatales
Tormentillaceae,Rosaceae,Rosales
Torreyaceae,Taxaceae,Cupressales
Torricelliaceae,Torricelliaceae,Apiales
Tovariaceae,Tovariaceae,Brassicales
Tradescantiaceae,Commelinaceae,Commelinales
Tragiaceae,Euphorbiaceae,Malpighiales
Trapaceae,Lythraceae,Myrtales
Trapellaceae,Plantaginaceae,Lamiales
Tremandraceae,Elaeocarpaceae,Oxalidales
Trewiaceae,Euphorbiaceae,Malpighiales
Tribelaceae,Escalloniaceae,Escalloniales
Tribulaceae,Zygophyllaceae,Zygophyllales
Trichomanaceae,Hymenophyllaceae,Hymenophyllales
Trichopodaceae,Dioscoreaceae,Dioscoreales
Tricyrtidaceae,Calochortoideae,Liliales
Trifoliaceae,Fabaceae,Fabales
Triglochinaceae,Juncaginaceae,Alismatales
Trigoniaceae,Trigoniaceae,Malpighiales
Trilliaceae,Melanthiaceae,Liliales
Trimeniaceae,Trimeniaceae,Austrobaileyales
Triplobaceae,Malvaceae,Malvales
Triplochitonaceae,Malvaceae,Malvales
Triplostegiaceae,Caprifoliaceae,Dipsacales
Tristichaceae,Podostemaceae,Malpighiales
Triticaceae,Poaceae,Poales
Triuridaceae,Triuridaceae,Pandanales
Trochodendraceae,Trochodendraceae,Trochodendrales
Tropaeolaceae,Tropaeolaceae,Brassicales
Tulbaghiaceae,Amaryllidaceae,Asparagales
Tulipaceae,Liliaceae,Liliales
Tumboaceae,Welwitschiaceae,Gnetales
Tupistraceae,Asparagaceae,Asparagales
Turneraceae,Passifloraceae,Malpighiales
Tussilagaceae,Asteraceae,Asterales
Typhaceae,Typhaceae,Poales
Uapacaceae,Phyllanthaceae,Malpighiales
Ullucaceae,Basellaceae,Caryophyllales
Ulmaceae,Ulmaceae,Rosales
Ulmariaceae,Rosaceae,Rosales
Umbelliferae,Apiaceae,Apiales
Unisemataceae,Pontederiaceae,Commelinales
Urticaceae,Urticaceae,Rosales
Utriculariaceae,Lentibulariaceae,Lamiales
Uvulariaceae,Colchicaceae,Liliales
Vacciniaceae,Ericaceae,Ericales
Vahliaceae,Vahliaceae,Vahliales
Valerianaceae,Caprifoliaceae,Dipsacales
Vallisneriaceae,Hydrocharitaceae,Alismatales
Vanillaceae,Orchidaceae,Asparagales
Velloziaceae,Velloziaceae,Pandanales
Veratraceae,Melanthiaceae,Liliales
Verbascaceae,Scrophulariaceae,Lamiales
Verbenaceae,Verbenaceae,Lamiales
Vernicaceae,Anacardiaceae,Sapindales
Vernoniaceae,Asteraceae,Asterales
Veronicaceae,Plantaginaceae,Lamiales
Viburnaceae,Viburnaceae,Dipsacales
Viciaceae,Fabaceae,Fabales
Vincaceae,Apocynaceae,Gentianales
Violaceae,Violaceae,Malpighiales
Viscaceae,Santalaceae,Santalales
Vitaceae,Vitaceae,Vitales
Viticaceae,Lamiaceae,Lamiales
Vittariaceae,Pteridaceae,Polypodiales
Vivianiaceae,Francoaceae,Geraniales
Vochysiaceae,Vochysiaceae,Myrtales
Wachendorfiaceae,Haemodoraceae,Commelinales
Walleriaceae,Tecophilaeaceae,Asparagales
Wellingtoniaceae,Sabiaceae,Sabiales
Wellstediaceae,Wellstediaceae,Boraginales
Welwitschiaceae,Welwitschiaceae,Gnetales
Widdringtoniaceae,Cupressaceae,Cupressales
Wightiaceae,Wightiaceae,Lamiales
Willughbieaceae,Apocynaceae,Gentianales
Winteraceae,Winteraceae,Canellales
Winteranaceae,Canellaceae,Canellales
Wolffiaceae,Araceae,Alismatales
Woodsiaceae,Woodsiaceae,eupolypod_II
Xanthiaceae,Asteraceae,Asterales
Xanthoceratceae,Sapindaceae,Sapindales
Xanthophyllaceae,Polygalaceae,Fabales
Xanthorrhoeaceae,Asphodelaceae,Asparagales
Xeranthemaceae,Asteraceae,Asterales
Xeronemataceae,Xeronemataceae,Asparagales
Xerophyllaceae,Melanthiaceae,Liliales
Ximeniaceae,Ximeniaceae,Santalales
Xiphidiaceae,Haemodoraceae,Commelinales
Xyridaceae,Xyridaceae,Poales
Yuccaceae,Asparagaceae,Asparagales
Zamiaceae,Zamiaceae,Cycadales
Zannichelliaceae,Potamogetonaceae,Alismatales
Zanoniaceae,Cucurbitaceae,Cucurbitales
Zanthoxylaceae,Rutaceae,Sapindales
Zeaceae,Poaceae,Poales
Zephyranthaceae,Amaryllidaceae,Asparagales
Zingiberaceae,Zingiberaceae,Zingiberales
Ziziphaceae,Rhamnaceae,Rosales
Zosteraceae,Zosteraceae,Alismatales
Zoysiaceae,Poaceae,Poales
Zygophyllaceae,Zygophyllaceae,Zygophyllales
